S.No,District,Oral Complaints,Written Complaints,Police Initiated,Total Complaints,IPC Cases,SLL Cases,Total Cases,Year
1,Ariyalur,19,34,0,6,0,6,16,2014
2,Chennai,161,225,0,66,0,66,36,2014
3,Coimbatore,43,34,1,7,0,7,35,2014
4,Coimbatore City,21,43,1,5,0,5,14,2014
5,Cuddalore,50,122,0,14,0,14,83,2014
6,Dharmapuri,43,50,4,11,0,11,139,2014
7,Dindigul,61,60,0,15,0,15,113,2014
8,Erode,53,20,2,0,0,0,30,2014
9,Kanchipuram,66,83,0,16,0,16,14,2014
10,Kanyakumari,41,108,1,8,0,8,17,2014
11,Karur,20,20,0,1,0,1,15,2014
12,Krishnagiri,59,55,4,13,0,13,73,2014
13,Madurai,67,180,4,37,0,37,200,2014
14,Madurai City,33,51,1,6,0,6,27,2014
15,Nagapattinam,36,60,0,16,0,16,40,2014
16,Namakkal,35,37,1,0,0,0,27,2014
17,Nilgiris,7,14,0,6,0,6,5,2014
18,Perambalur,15,18,0,7,0,7,4,2014
19,Pudukottai,34,38,0,3,0,3,54,2014
20,Ramnathapuram,45,84,0,9,0,9,37,2014
21,Railway Chennai,3,5,1,1,0,1,0,2014
22,Railway Trichy,0,0,0,0,0,0,0,2014
23,Salem,58,56,4,8,0,8,48,2014
24,Salem City,36,30,1,5,0,5,23,2014
25,Sivagangai,29,60,1,16,0,16,46,2014
26,Thanjavur,70,110,0,8,0,8,56,2014
27,Theni,47,53,1,8,0,8,45,2014
28,Thirunelveli,108,365,0,43,0,43,47,2014
29,Thirunelveli City,18,106,1,6,0,6,7,2014
30,Thiruvallur,37,46,2,8,0,8,9,2014
31,Thiruvannamalai,47,99,4,16,0,16,65,2014
32,Thiruvarur,26,38,0,2,0,2,27,2014
33,Thoothukudi,89,143,1,19,0,19,15,2014
34,Tiruppur,36,24,0,6,0,6,60,2014
35,Tiruppur City,20,38,1,5,0,5,24,2014
36,Trichy,39,32,0,8,0,8,30,2014
37,Trichy City,24,9,0,3,0,3,7,2014
38,Vellore,92,144,7,12,0,12,97,2014
39,Villupuram,68,152,6,38,0,38,138,2014
40,Virudhunagar,49,76,1,13,0,13,23,2014
41,Cyber Cell,0,0,0,0,0,0,0,2014
1,Ariyalur,12,4,2,23,0,7,0,2014
2,Chennai,17,46,10,59,157,302,0,2014
3,Coimbatore,9,7,0,21,0,47,0,2014
4,Coimbatore City,14,17,0,8,0,63,0,2014
5,Cuddalore,35,20,5,3,0,39,0,2014
6,Dharmapuri,25,35,2,26,0,32,0,2014
7,Dindigul,12,7,4,29,0,119,0,2014
8,Erode,10,26,0,19,0,26,0,2014
9,Kanchipuram,10,29,2,8,1,19,0,2014
10,Kanyakumari,40,8,2,3,0,56,0,2014
11,Karur,4,3,1,20,0,9,0,2014
12,Krishnagiri,13,28,4,34,1,29,0,2014
13,Madurai,31,251,5,79,10,326,0,2014
14,Madurai City,7,4,1,22,1,69,0,2014
15,Nagapattinam,19,7,0,14,28,22,0,2014
16,Namakkal,10,20,0,48,3,11,0,2014
17,Nilgiris,7,16,0,12,1,5,0,2014
18,Perambalur,1,9,1,26,0,13,0,2014
19,Pudukottai,21,31,2,29,0,44,0,2014
20,Ramnathapuram,27,15,3,12,0,24,0,2014
21,Railway Chennai,0,2,0,4,0,0,0,2014
22,Railway Trichy,0,0,0,0,0,0,0,2014
23,Salem,30,15,7,46,0,22,0,2014
24,Salem City,2,573,1,12,21,33,0,2014
25,Sivagangai,13,41,3,13,0,51,0,2014
26,Thanjavur,39,59,0,62,0,31,0,2014
27,Theni,10,13,6,30,0,58,0,2014
28,Thirunelveli,75,29,5,47,0,147,0,2014
29,Thirunelveli City,3,1,0,3,0,19,0,2014
30,Thiruvallur,9,17,4,2,2,15,0,2014
31,Thiruvannamalai,15,30,6,14,0,35,0,2014
32,Thiruvarur,26,9,1,2,1,7,0,2014
33,Thoothukudi,35,36,0,44,0,73,0,2014
34,Tiruppur,7,8,3,15,0,33,0,2014
35,Tiruppur City,3,6,0,7,0,22,0,2014
36,Trichy,0,3,2,51,0,48,0,2014
37,Trichy City,0,13,0,10,3,27,0,2014
38,Vellore,20,0,3,44,0,110,0,2014
39,Villupuram,51,75,7,176,0,81,0,2014
40,Virudhunagar,13,6,3,25,0,29,0,2014
41,Cyber Cell,0,0,0,0,0,0,0,2014
2009,QA,2013,2009,2010,2011,2012,2013,2014,2014
1,Ariyalur,45,0,0,45,4334,1471,2831,2015
2,Chennai,204085,0,199081,5004,77189,72750,4367,2015
3,Coimbatore,156,0,0,156,5211,4930,250,2015
5,Cuddalore,54,0,0,54,10304,8929,1341,2015
6,Dharmapuri,106,0,0,106,13794,13754,22,2015
7,Dindigul,754,0,661,93,22718,21818,655,2015
8,Erode,828,752,0,76,4654,4631,14,2015
9,Kanchipuram,1125,983,15,127,18502,18477,25,2015
10,Kanyakumari,4576,336,4059,181,8589,3950,4402,2015
11,Karur,76,0,0,76,8727,8711,0,2015
12,Krishnagiri,992,0,867,125,8903,6163,2740,2015
13,Madurai,2690,1830,700,160,5099,3456,1620,2015
15,Nagapattinam,119,0,0,119,6978,6978,0,2015
16,Namakkal,272,0,0,272,13746,11552,2188,2015
17,Nilgiris,904,0,6,898,1102,1097,2,2015
18,Perambalur,442,45,384,13,1159,1035,114,2015
19,Pudukottai,75,0,0,75,7495,7483,0,2015
20,Ramnathapuram,6284,3762,2130,392,11435,9424,1905,2015
23,Salem,59,0,0,59,34548,30748,3796,2015
25,Sivagangai,1353,1176,55,122,7008,4222,2672,2015
26,Thanjavur,282,82,180,20,6318,6040,240,2015
27,Theni,11790,11758,0,32,6472,2092,4164,2015
28,Thirunelveli,337,0,0,337,10369,10096,49,2015
30,Thiruvallur,68,0,0,68,5311,5311,0,2015
31,Thiruvannamalai,207,0,150,57,5043,4916,112,2015
32,Thiruvarur,1030,862,90,78,6411,4756,1655,2015
33,Thoothukudi,2762,69,2580,113,13751,9697,3910,2015
34,Tiruppur,459,0,352,107,6875,5658,1210,2015
36,Trichy,103,0,0,103,4990,4810,78,2015
38,Vellore,150,0,150,0,7743,7743,0,2015
39,Villupuram,990,688,62,240,16943,12338,4575,2015
40,Virudhunagar,540,0,0,540,6308,5989,150,2015
1,Ariyalur,2234,0,0,2234,0,6613,1386,2015
2,Chennai,204432,0,0,204432,0,485706,13422,2015
3,Coimbatore,3483,0,0,3483,0,8850,4930,2015
5,Cuddalore,9373,0,0,9373,0,19731,8689,2015
6,Dharmapuri,6691,0,0,6691,0,20591,3853,2015
7,Dindigul,6441,94,55,6292,0,29913,6558,2015
8,Erode,4254,0,0,4254,0,9736,4654,2015
9,Kanchipuram,10272,0,0,10272,0,29899,7919,2015
10,Kanyakumari,21497,0,0,13321,8176,34662,3943,2015
11,Karur,5329,0,0,5329,0,14132,2560,2015
12,Krishnagiri,17949,0,0,17949,0,27844,4810,2015
13,Madurai,3958,0,0,3774,184,11747,7319,2015
15,Nagapattinam,14659,0,0,14659,0,21756,4708,2015
16,Namakkal,6846,106,0,6740,0,20864,3794,2015
17,Nilgiris,1850,0,0,1850,0,3856,1092,2015
18,Perambalur,1550,0,0,1550,0,3151,1088,2015
19,Pudukottai,2566,0,0,2566,0,10136,3451,2015
20,Ramnathapuram,1317,0,0,1317,0,19036,4209,2015
23,Salem,12416,254,0,12162,0,47023,4997,2015
25,Sivagangai,7875,0,0,7875,0,16236,4265,2015
26,Thanjavur,4216,0,0,4216,0,10816,6078,2015
27,Theni,9868,26,0,9842,0,28130,4970,2015
28,Thirunelveli,31063,0,0,31063,0,41769,8870,2015
30,Thiruvallur,8223,0,0,8223,0,13602,3797,2015
31,Thiruvannamalai,14295,0,0,14295,0,19545,4743,2015
32,Thiruvarur,4032,0,0,4032,0,11473,3692,2015
33,Thoothukudi,9896,186,27,4931,4752,26409,6290,2015
34,Tiruppur,20923,0,0,12317,8606,28257,4255,2015
36,Trichy,4088,0,0,4088,0,9181,4912,2015
38,Vellore,6237,0,0,6237,0,14130,7606,2015
39,Villupuram,10948,0,0,10948,0,28881,9945,2015
40,Virudhunagar,13905,0,1,13904,0,20753,4195,2015
1,Ariyalur,51,0,0,51,1621,1582,12,2016
2,Chennai,134038,0,129720,4318,108432,104347,3980,2016
3,Coimbatore,335,0,0,335,5056,4798,223,2016
4,Coimbatore City,564,0,91,473,17569,17441,81,2016
5,Cuddalore,1627,0,0,1627,7939,7900,0,2016
6,Dharmapuri,189,0,0,189,12509,12506,0,2016
7,Dindigul,187,0,76,111,10399,6908,3304,2016
8,Erode,828,752,0,76,4116,4007,105,2016
9,Kanchipuram,1227,902,25,300,19182,19132,45,2016
10,Kanyakumari,393,0,13,380,6348,6272,46,2016
11,Karur,123,0,0,123,2794,2769,0,2016
12,Krishnagiri,1076,0,771,305,8215,6103,2112,2016
13,Madurai,2258,1976,138,144,6533,2846,3643,2016
14,Madurai City,1712,0,1618,94,5270,4015,1136,2016
15,Nagapattinam,135,0,0,135,10139,10139,0,2016
16,Namakkal,297,0,0,297,14340,12422,1913,2016
17,Nilgiris,401,0,55,346,1278,1269,8,2016
18,Perambalur,88,0,0,88,3421,3306,15,2016
19,Pudukottai,1511,1314,0,197,3823,3784,26,2016
20,Ramnathapuram,18387,17770,436,181,3893,3886,3,2016
21,Railway Chennai,246,0,0,246,2379,2379,0,2016
22,Railway Trichy,12,0,0,12,981,981,0,2016
23,Salem,270,0,0,270,23108,18778,4327,2016
24,Salem City,1780,0,1405,375,3795,3795,0,2016
25,Sivagangai,1752,1689,0,63,4070,4018,1,2016
26,Thanjavur,381,281,79,21,6500,6222,243,2016
27,Theni,575,438,0,137,17338,9899,7380,2016
28,Thirunelveli,758,454,0,304,10438,8946,1378,2016
29,Thirunelveli City,5027,4345,553,129,3983,2272,1684,2016
30,Thiruvallur,357,0,0,357,4459,4387,72,2016
31,Thiruvannamalai,281,0,251,30,4548,4474,73,2016
32,Thiruvarur,1758,811,856,91,4927,3410,1508,2016
33,Thoothukudi,7146,3479,2992,675,12980,5173,7664,2016
34,Tiruppur,316,0,178,138,7348,4495,2841,2016
35,Tiruppur City,257,0,127,130,4754,2788,1945,2016
36,Trichy,203,77,11,115,8582,8567,9,2016
37,Trichy City,4324,0,3746,578,7659,7604,41,2016
38,Vellore,9315,8587,0,728,6316,6288,28,2016
39,Villupuram,523,216,0,307,27210,26682,503,2016
40,Virudhunagar,2156,111,0,2045,7006,6907,22,2016
41,Cyber Cell,202,0,0,202,13,13,0,2016
42,Other Units,0,0,0,0,0,0,0,2016
203066, ,43202,143141,16723,421271,373510,46371,1390,2016
1,Ariyalur,1722,0,0,1722,0,3394,1466,2016
2,Chennai,221580,0,0,221580,0,464050,16870,2016
3,Coimbatore,3781,0,0,3781,0,9172,4575,2016
4,Coimbatore City,5700,0,0,5700,0,23833,3216,2016
5,Cuddalore,5364,0,0,5364,0,14930,7101,2016
6,Dharmapuri,7832,0,0,7832,0,20530,3061,2016
7,Dindigul,5899,123,50,5726,0,16485,5866,2016
8,Erode,5607,0,0,5607,0,10551,4768,2016
9,Kanchipuram,3397,0,0,3397,0,23806,7665,2016
10,Kanyakumari,2245,0,0,2245,0,8986,3562,2016
11,Karur,4605,0,0,4605,0,7522,2360,2016
12,Krishnagiri,16741,0,0,16741,0,26032,4195,2016
13,Madurai,3918,0,0,3918,0,12709,6922,2016
14,Madurai City,28731,0,0,28731,0,35713,3981,2016
15,Nagapattinam,5985,0,0,5985,0,16259,5268,2016
16,Namakkal,9917,88,25,9804,0,24554,3886,2016
17,Nilgiris,2426,0,0,2426,0,4105,1278,2016
18,Perambalur,1293,0,0,1293,0,4802,1139,2016
19,Pudukottai,4439,0,0,4439,0,9773,3058,2016
20,Ramnathapuram,3760,0,0,3760,0,26040,3886,2016
21,Railway Chennai,720,0,0,720,0,3345,696,2016
22,Railway Trichy,4186,0,0,4186,0,5179,159,2016
23,Salem,8811,163,0,8648,0,32189,4753,2016
24,Salem City,3818,0,0,3818,0,9393,3795,2016
25,Sivagangai,2301,0,0,2301,0,8123,4740,2016
26,Thanjavur,4564,0,0,4564,0,11445,6222,2016
27,Theni,1725,38,0,1687,0,19638,4850,2016
28,Thirunelveli,3949,0,0,3949,0,15145,7670,2016
29,Thirunelveli City,5167,47,59,5061,0,14177,1519,2016
30,Thiruvallur,12927,0,0,12927,0,17743,3872,2016
31,Thiruvannamalai,6279,0,0,6279,0,11108,4081,2016
32,Thiruvarur,6054,0,0,6054,0,12739,3156,2016
33,Thoothukudi,8374,149,106,8119,0,28500,5929,2016
34,Tiruppur,10831,7,8,10812,4,18495,4187,2016
35,Tiruppur City,5655,8,0,4720,927,10666,1908,2016
36,Trichy,6120,0,0,6120,0,14905,4284,2016
37,Trichy City,11179,15,2,11162,0,23162,2289,2016
38,Vellore,6192,128,0,6064,0,21823,8356,2016
39,Villupuram,9529,0,0,9529,0,37262,9264,2016
40,Virudhunagar,12697,0,0,12697,0,21859,4040,2016
41,Cyber Cell,0,0,0,0,0,215,3,2016
42,Other Units,1871,0,0,1871,0,1871,0,2016
477891, ,766,250,475944,931,1102228,179896,287473,2016
1,Ariyalur,0,0,0,6151,2183,985,407,2017
2,Chennai,113198,20505,92693,69966,26082,1669,19646,2017
3,Coimbatore,0,0,0,11682,4747,0,3224,2017
4,Coimbatore City,6511,0,6511,22906,13924,0,1910,2017
5,Cuddalore,1859,1859,0,16115,5584,0,3325,2017
6,Dharmapuri,0,0,0,20981,11704,10,752,2017
7,Dindigul,0,0,0,17215,5459,3315,1533,2017
8,Erode,0,0,0,25777,8309,18,1726,2017
9,Kanchipuram,377,175,202,38328,20841,15,7143,2017
10,Kanyakumari,12230,0,12230,30444,17858,8127,154,2017
11,Karur,0,0,0,10516,8327,0,864,2017
12,Krishnagiri,1609,1609,0,13129,2014,0,1217,2017
13,Madurai,1358,1230,128,29002,2947,5321,2430,2017
14,Madurai City,9514,0,9514,44160,4169,3596,1044,2017
15,Nagapattinam,0,0,0,24481,13025,0,836,2017
16,Namakkal,0,0,0,20147,4122,3007,1372,2017
17,Nilgiris,0,0,0,17192,0,0,718,2017
18,Perambalur,0,0,0,8924,4820,198,401,2017
19,Pudukottai,654,654,0,10498,2602,10,903,2017
20,Ramnathapuram,0,0,0,16507,11125,155,879,2017
21,Railway Chennai,0,0,0,4184,3463,0,66,2017
22,Railway Trichy,0,0,0,4064,1268,0,94,2017
23,Salem,0,0,0,30782,16253,3236,1324,2017
24,Salem City,0,0,0,20632,14893,0,1616,2017
25,Sivagangai,0,0,0,25004,13131,6592,948,2017
26,Thanjavur,0,0,0,12154,5981,0,1546,2017
27,Theni,876,876,0,38136,9975,3824,865,2017
28,Thirunelveli,2172,2172,0,20932,8417,52,2005,2017
29,Thirunelveli City,5442,4951,491,7912,2378,1706,279,2017
30,Thiruvallur,0,0,0,13746,3928,0,3722,2017
31,Thiruvannamalai,0,0,0,13354,3792,0,1543,2017
32,Thiruvarur,3659,0,3659,19224,11402,0,791,2017
33,Thoothukudi,3119,0,3119,51723,7411,19108,605,2017
34,Tiruppur,0,0,0,22830,17356,1288,364,2017
35,Tiruppur City,0,0,0,12074,7290,0,406,2017
36,Trichy,0,0,0,21700,10345,31,1712,2017
37,Trichy City,254,0,254,9656,2690,157,917,2017
38,Vellore,3900,1001,2899,42247,6436,60,3091,2017
39,Villupuram,1057,1057,0,31097,9908,0,5661,2017
40,Virudhunagar,647,647,0,24616,7007,512,1785,2017
41,Cyber Cell,0,0,0,7,0,7,0,2017
42,Other Units,0,0,0,1916,0,0,0,2017
0,TOTAL,168436,36736,131700,882111,333166,62999,79824,2017
1,Ariyalur,76,0,0,0,0,2457,0,2017
2,Chennai,177,2,0,39,1,22302,0,2017
3,Coimbatore,0,0,0,0,0,3699,0,2017
4,Coimbatore City,0,0,0,0,0,7031,0,2017
5,Cuddalore,0,0,0,0,0,7201,0,2017
6,Dharmapuri,0,0,0,0,0,8494,0,2017
7,Dindigul,88,66,0,38,0,6698,0,2017
8,Erode,0,0,0,0,0,6081,9633,2017
9,Kanchipuram,0,0,0,0,0,10324,0,2017
10,Kanyakumari,142,20,0,21,0,4067,0,2017
11,Karur,0,0,0,0,0,1322,0,2017
12,Krishnagiri,0,0,0,0,0,9468,422,2017
13,Madurai,0,0,0,0,0,13260,5020,2017
14,Madurai City,0,0,0,0,0,21900,13345,2017
15,Nagapattinam,0,0,0,0,0,10620,0,2017
16,Namakkal,91,32,0,0,0,11523,0,2017
17,Nilgiris,0,0,0,0,0,10904,5570,2017
18,Perambalur,0,0,0,0,2,3495,0,2017
19,Pudukottai,0,0,0,0,0,6915,29,2017
20,Ramnathapuram,0,0,0,0,0,4343,0,2017
21,Railway Chennai,0,0,0,0,0,655,0,2017
22,Railway Trichy,0,0,0,0,0,2702,0,2017
23,Salem,27,0,0,0,0,9942,0,2017
24,Salem City,0,0,0,0,0,4123,0,2017
25,Sivagangai,75,0,0,100,0,4132,0,2017
26,Thanjavur,0,0,0,0,0,4595,0,2017
27,Theni,48,7,0,0,0,9010,14390,2017
28,Thirunelveli,0,0,0,0,0,10440,0,2017
29,Thirunelveli City,30,14,0,12,2,3481,0,2017
30,Thiruvallur,0,0,0,0,0,6096,0,2017
31,Thiruvannamalai,0,0,0,0,0,8014,0,2017
32,Thiruvarur,0,0,0,0,0,7030,0,2017
33,Thoothukudi,125,62,0,0,0,7622,16654,2017
34,Tiruppur,57,183,0,0,0,3559,0,2017
35,Tiruppur City,28,12,1,3,0,4334,0,2017
36,Trichy,0,0,0,0,0,9503,0,2017
37,Trichy City,0,0,0,0,0,5892,0,2017
38,Vellore,152,0,0,0,0,10247,22261,2017
39,Villupuram,0,0,0,0,0,15461,0,2017
40,Virudhunagar,17,13,1,0,0,15246,2,2017
41,Cyber Cell,0,0,0,0,0,0,0,2017
42,Other Units,0,0,0,0,0,1916,0,2017
1916,TOTAL,1133,411,2,213,5,316104,87326,2017
1,Ariyalur,19,34,0,6,0,6,16,2018
2,Chennai,161,225,0,66,0,66,36,2018
3,Coimbatore,43,34,1,7,0,7,35,2018
4,Coimbatore City,21,43,1,5,0,5,14,2018
5,Cuddalore,50,122,0,14,0,14,83,2018
6,Dharmapuri,43,50,4,11,0,11,139,2018
7,Dindigul,61,60,0,15,0,15,113,2018
8,Erode,53,20,2,0,0,0,30,2018
9,Kanchipuram,66,83,0,16,0,16,14,2018
10,Kanyakumari,41,108,1,8,0,8,17,2018
11,Karur,20,20,0,1,0,1,15,2018
12,Krishnagiri,59,55,4,13,0,13,73,2018
13,Madurai,67,180,4,37,0,37,200,2018
14,Madurai City,33,51,1,6,0,6,27,2018
15,Nagapattinam,36,60,0,16,0,16,40,2018
16,Namakkal,35,37,1,0,0,0,27,2018
17,Nilgiris,7,14,0,6,0,6,5,2018
18,Perambalur,15,18,0,7,0,7,4,2018
19,Pudukottai,34,38,0,3,0,3,54,2018
20,Ramnathapuram,45,84,0,9,0,9,37,2018
21,Railway Chennai,3,5,1,1,0,1,0,2018
22,Railway Trichy,0,0,0,0,0,0,0,2018
23,Salem,58,56,4,8,0,8,48,2018
24,Salem City,36,30,1,5,0,5,23,2018
25,Sivagangai,29,60,1,16,0,16,46,2018
26,Thanjavur,70,110,0,8,0,8,56,2018
27,Theni,47,53,1,8,0,8,45,2018
28,Thirunelveli,108,365,0,43,0,43,47,2018
29,Thirunelveli City,18,106,1,6,0,6,7,2018
30,Thiruvallur,37,46,2,8,0,8,9,2018
31,Thiruvannamalai,47,99,4,16,0,16,65,2018
32,Thiruvarur,26,38,0,2,0,2,27,2018
33,Thoothukudi,89,143,1,19,0,19,15,2018
34,Tiruppur,36,24,0,6,0,6,60,2018
35,Tiruppur City,20,38,1,5,0,5,24,2018
36,Trichy,39,32,0,8,0,8,30,2018
37,Trichy City,24,9,0,3,0,3,7,2018
38,Vellore,92,144,7,12,0,12,97,2018
39,Villupuram,68,152,6,38,0,38,138,2018
40,Virudhunagar,49,76,1,13,0,13,23,2018
41,Cyber Cell,0,0,0,0,0,0,0,2018
1,Ariyalur,12,4,2,23,0,7,0,2018
2,Chennai,17,46,10,59,157,302,0,2018
3,Coimbatore,9,7,0,21,0,47,0,2018
4,Coimbatore City,14,17,0,8,0,63,0,2018
5,Cuddalore,35,20,5,3,0,39,0,2018
6,Dharmapuri,25,35,2,26,0,32,0,2018
7,Dindigul,12,7,4,29,0,119,0,2018
8,Erode,10,26,0,19,0,26,0,2018
9,Kanchipuram,10,29,2,8,1,19,0,2018
10,Kanyakumari,40,8,2,3,0,56,0,2018
11,Karur,4,3,1,20,0,9,0,2018
12,Krishnagiri,13,28,4,34,1,29,0,2018
13,Madurai,31,251,5,79,10,326,0,2018
14,Madurai City,7,4,1,22,1,69,0,2018
15,Nagapattinam,19,7,0,14,28,22,0,2018
16,Namakkal,10,20,0,48,3,11,0,2018
17,Nilgiris,7,16,0,12,1,5,0,2018
18,Perambalur,1,9,1,26,0,13,0,2018
19,Pudukottai,21,31,2,29,0,44,0,2018
20,Ramnathapuram,27,15,3,12,0,24,0,2018
21,Railway Chennai,0,2,0,4,0,0,0,2018
22,Railway Trichy,0,0,0,0,0,0,0,2018
23,Salem,30,15,7,46,0,22,0,2018
24,Salem City,2,573,1,12,21,33,0,2018
25,Sivagangai,13,41,3,13,0,51,0,2018
26,Thanjavur,39,59,0,62,0,31,0,2018
27,Theni,10,13,6,30,0,58,0,2018
28,Thirunelveli,75,29,5,47,0,147,0,2018
29,Thirunelveli City,3,1,0,3,0,19,0,2018
30,Thiruvallur,9,17,4,2,2,15,0,2018
31,Thiruvannamalai,15,30,6,14,0,35,0,2018
32,Thiruvarur,26,9,1,2,1,7,0,2018
33,Thoothukudi,35,36,0,44,0,73,0,2018
34,Tiruppur,7,8,3,15,0,33,0,2018
35,Tiruppur City,3,6,0,7,0,22,0,2018
36,Trichy,0,3,2,51,0,48,0,2018
37,Trichy City,0,13,0,10,3,27,0,2018
38,Vellore,20,0,3,44,0,110,0,2018
39,Villupuram,51,75,7,176,0,81,0,2018
40,Virudhunagar,13,6,3,25,0,29,0,2018
41,Cyber Cell,0,0,0,0,0,0,0,2018
2009,QA,2013,2009,2010,2011,2012,2013,2014,2018
1,Ariyalur,0,0,0,12545,1637,250,936,2019
2,Chennai,226474,0,226474,266088,21395,145,32579,2019
3,Coimbatore,0,0,0,13256,4355,70,3280,2019
4,Coimbatore City,18164,0,18164,49078,12540,0,3596,2019
5,Cuddalore,897,897,0,21462,3989,0,5618,2019
6,Dharmapuri,0,0,0,18472,8323,25,1511,2019
7,Dindigul,7827,0,7827,37032,5778,3140,2866,2019
8,Erode,0,0,0,26948,8283,29,1859,2019
9,Kanchipuram,348,150,198,22943,9845,10,4401,2019
10,Kanyakumari,16784,0,16784,45986,12534,6037,3223,2019
11,Karur,0,0,0,11009,3896,0,1082,2019
12,Krishnagiri,0,0,0,29979,4539,2918,2824,2019
13,Madurai,2135,0,2135,40967,6586,3666,2091,2019
14,Madurai City,18498,0,18498,41322,5656,2463,2765,2019
15,Nagapattinam,145,0,145,29440,22144,0,1322,2019
16,Namakkal,0,0,0,24054,4503,3887,1455,2019
17,Nilgiris,0,0,0,11955,2005,0,967,2019
18,Perambalur,0,0,0,9531,962,1503,569,2019
19,Pudukottai,3532,3532,0,19870,551,30,1709,2019
20,Ramnathapuram,0,0,0,21745,8337,29,1465,2019
21,Railway Chennai,0,0,0,8061,6164,0,1760,2019
22,Railway Trichy,0,0,0,1827,557,0,411,2019
23,Salem,5734,0,5734,39721,13749,5604,1781,2019
24,Salem City,5787,0,5787,27143,15929,3830,1456,2019
25,Sivagangai,0,0,0,22048,14478,3090,1656,2019
26,Thanjavur,0,0,0,40844,6049,0,4698,2019
27,Theni,6222,182,6040,34612,4308,3558,2349,2019
28,Thirunelveli,3390,3167,223,48979,8397,40,4554,2019
29,Thirunelveli City,4088,235,3853,12145,2105,2252,920,2019
30,Thiruvallur,8710,135,8575,20210,3020,1565,2448,2019
31,Thiruvannamalai,352,0,352,35393,4220,4905,3304,2019
32,Thiruvarur,9551,0,9551,21216,3280,0,1378,2019
33,Thoothukudi,5963,0,5963,41664,5926,6990,2456,2019
34,Tiruppur,1977,12,1965,23733,5231,123,2583,2019
35,Tiruppur City,9568,0,9568,13513,2629,93,1185,2019
36,Trichy,0,0,0,16911,9592,0,2501,2019
37,Trichy City,487,0,487,9553,3524,272,2243,2019
38,Vellore,18654,18654,0,30325,12210,160,5013,2019
39,Villupuram,684,684,0,48849,6994,5720,7234,2019
40,Virudhunagar,6181,0,6181,36867,18555,3304,2548,2019
41,Cyber Cell,0,0,0,1,0,0,0,2019
42,Other Units,0,0,0,0,0,0,0,2019
0,TOTAL,382152,27648,354504,1287297,294775,65708,128596,2019
1,Ariyalur,0,0,0,0,0,2405,7262,2019
2,Chennai,69,6,0,8,0,96387,115407,2019
3,Coimbatore,0,0,0,0,0,5094,457,2019
4,Coimbatore City,0,0,0,0,0,25460,7465,2019
5,Cuddalore,0,0,0,0,0,10608,1224,2019
6,Dharmapuri,0,0,0,0,0,2426,6146,2019
7,Dindigul,108,91,0,56,1,12221,12759,2019
8,Erode,0,0,0,0,0,10244,6523,2019
9,Kanchipuram,0,0,0,0,0,8687,0,2019
10,Kanyakumari,0,10,1,0,0,4240,19864,2019
11,Karur,0,0,0,0,0,5986,0,2019
12,Krishnagiri,0,0,0,0,0,11229,8469,2019
13,Madurai,0,0,0,0,1,11143,17403,2019
14,Madurai City,0,0,0,0,0,16849,13435,2019
15,Nagapattinam,0,0,0,0,0,5974,0,2019
16,Namakkal,74,0,0,0,0,7763,6371,2019
17,Nilgiris,0,0,0,0,3,4972,4008,2019
18,Perambalur,36,0,0,0,8,2893,3542,2019
19,Pudukottai,0,0,0,0,0,6047,11511,2019
20,Ramnathapuram,0,0,0,0,0,5564,6337,2019
21,Railway Chennai,0,0,0,0,0,137,0,2019
22,Railway Trichy,0,0,0,0,0,18,841,2019
23,Salem,141,0,0,0,0,7846,10600,2019
24,Salem City,0,0,0,0,0,5928,0,2019
25,Sivagangai,79,36,0,19,0,2690,0,2019
26,Thanjavur,187,54,0,20,0,9291,20489,2019
27,Theni,81,39,0,23,0,8960,15265,2019
28,Thirunelveli,0,0,0,0,3,9631,26330,2019
29,Thirunelveli City,58,11,8,16,0,1672,5068,2019
30,Thiruvallur,162,58,0,0,0,7152,5793,2019
31,Thiruvannamalai,0,0,0,0,0,22957,0,2019
32,Thiruvarur,0,0,0,0,0,7968,8582,2019
33,Thoothukudi,128,3,0,32,9,6425,19627,2019
34,Tiruppur,9,1,0,0,0,8835,6940,2019
35,Tiruppur City,0,0,0,0,0,4924,4673,2019
36,Trichy,1,0,0,0,0,4633,157,2019
37,Trichy City,0,0,0,0,0,1948,1534,2019
38,Vellore,0,0,0,0,0,12942,0,2019
39,Villupuram,0,0,0,0,0,12109,16784,2019
40,Virudhunagar,6,1,0,0,0,11909,527,2019
41,Cyber Cell,0,0,0,0,0,1,0,2019
42,Other Units,0,0,0,0,0,0,0,2019
1,Ariyalur,0,0,0,3516,2101,123,1292,2020
2,Chennai,185516,0,185516,28695,27734,140,821,2020
3,Coimbatore,15459,0,15459,8334,4370,0,3964,2020
4,Coimbatore City,19097,0,19097,5067,2301,0,2766,2020
5,Cuddalore,22652,922,21730,13838,7601,1932,4305,2020
6,Dharmapuri,0,0,0,3763,2282,100,1381,2020
7,Dindigul,11111,0,11111,27657,20540,5345,1772,2020
8,Erode,0,0,0,11500,9806,32,1662,2020
9,Kanchipuram,13939,0,13939,21869,20533,348,988,2020
10,Kanyakumari,150177,0,150177,20305,13568,1532,5205,2020
11,Karur,0,0,0,9470,9212,0,258,2020
12,Krishnagiri,9631,0,9631,5927,3380,0,2547,2020
13,Madurai,15661,0,15661,12468,5589,4596,2283,2020
14,Madurai City,17386,0,17386,8730,3313,1357,4060,2020
15,Nagapattinam,0,0,0,37787,37407,0,380,2020
16,Namakkal,0,0,0,8329,3001,4050,1278,2020
17,Nilgiris,0,0,0,2154,951,0,1203,2020
18,Perambalur,0,0,0,3427,1368,1628,431,2020
19,Pudukottai,0,0,0,18807,15268,2047,1492,2020
20,Ramnathapuram,1767,1551,216,20291,16302,2382,1607,2020
21,Railway Chennai,1,1,0,1683,1233,0,450,2020
22,Railway Trichy,0,0,0,180,150,0,30,2020
23,Salem,7686,0,7686,18800,14689,2469,1642,2020
24,Salem City,821,20,801,4235,4008,227,0,2020
25,Sivagangai,0,0,0,24048,16321,6209,1518,2020
26,Thanjavur,13302,0,13302,47896,42835,0,5061,2020
27,Theni,8941,82,8859,8685,3973,1632,3080,2020
28,Thirunelveli,1708,0,1708,6318,4117,26,2175,2020
29,Thirunelveli City,3048,10,3038,4492,2341,824,1327,2020
30,Thiruvallur,6622,38,6584,7463,4261,751,2451,2020
31,Thiruvannamalai,382,0,382,13565,5022,3948,4595,2020
32,Thiruvarur,7529,0,7529,5027,3090,0,1937,2020
33,Thoothukudi,5072,0,5072,16240,9797,2518,3925,2020
34,Tiruppur,0,0,0,2135,2090,0,45,2020
35,Tiruppur City,9392,0,9392,3322,2185,96,1041,2020
36,Trichy,0,0,0,23377,21763,0,1614,2020
37,Trichy City,11495,0,11495,7616,7474,142,0,2020
38,Vellore,22448,0,22448,9809,3748,2463,3598,2020
39,Villupuram,0,0,0,11431,6795,4257,379,2020
40,Virudhunagar,8809,0,8809,33733,28442,3039,2252,2020
41,Cyber Cell,0,0,0,6,6,0,0,2020
42,Other Units,0,0,0,79,66,13,0,2020
43,Chengalpattu,3825,0,3825,43912,43912,0,0,2020
44,Kallakurichi,885,885,0,1524,1524,0,0,2020
45,Ranipet,1340,467,873,2551,2175,376,0,2020
46,Tiruppattur,2415,0,2415,3259,2964,267,28,2020
47,Tenkasi,1574,0,1574,1826,1823,3,0,2020
17,TOTAL,579691,3976,575715,575146,443431,54872,76843,2020
1,Ariyalur,41,0,0,12,0,10200,10254,2020
2,Chennai,0,0,0,0,0,154485,66176,2020
3,Coimbatore,0,0,0,0,0,28965,0,2020
4,Coimbatore City,0,0,0,0,0,32650,668,2020
5,Cuddalore,0,0,0,0,0,43447,1022,2020
6,Dharmapuri,0,0,0,0,0,27148,6891,2020
7,Dindigul,78,146,0,23,0,38736,0,2020
8,Erode,0,0,0,0,0,10264,6523,2020
9,Kanchipuram,0,0,0,0,0,2276,0,2020
10,Kanyakumari,166,0,0,0,0,10196,0,2020
11,Karur,0,0,0,0,0,5786,0,2020
12,Krishnagiri,0,0,0,0,0,22393,0,2020
13,Madurai,145,0,0,0,14,55391,15404,2020
14,Madurai City,0,0,0,0,0,28992,13821,2020
15,Nagapattinam,0,0,0,0,0,8452,0,2020
16,Namakkal,94,0,0,5,0,21182,6300,2020
17,Nilgiris,0,0,0,0,5,10984,0,2020
18,Perambalur,38,0,0,0,7,9976,1004,2020
19,Pudukottai,0,0,0,0,0,7428,0,2020
20,Ramnathapuram,0,0,0,0,0,10669,0,2020
21,Railway Chennai,0,0,0,0,0,23,0,2020
22,Railway Trichy,0,0,0,0,0,2,0,2020
23,Salem,68,0,0,0,0,11297,11367,2020
24,Salem City,0,0,0,0,0,14730,0,2020
25,Sivagangai,95,0,0,10,0,8012,0,2020
26,Thanjavur,114,13,0,0,0,10631,0,2020
27,Theni,88,31,0,17,1,34410,17042,2020
28,Thirunelveli,0,0,0,0,2,8037,18530,2020
29,Thirunelveli City,12,8,0,9,0,8046,0,2020
30,Thiruvallur,0,0,0,0,0,52892,2584,2020
31,Thiruvannamalai,0,0,0,0,0,84291,24984,2020
32,Thiruvarur,0,0,0,0,0,40690,12660,2020
33,Thoothukudi,37,5,0,0,11,10133,22549,2020
34,Tiruppur,0,0,0,0,6,31703,206,2020
35,Tiruppur City,46,12,0,9,3,10247,3549,2020
36,Trichy,0,0,0,0,0,27264,0,2020
37,Trichy City,101,19,0,0,0,12122,0,2020
38,Vellore,48,0,0,6,0,22317,0,2020
39,Villupuram,0,0,0,0,0,46741,0,2020
40,Virudhunagar,8,0,0,0,0,13436,244,2020
41,Cyber Cell,0,0,0,0,0,0,0,2020
42,Other Units,0,0,0,0,0,541,0,2020
43,Chengalpattu,0,0,0,0,0,21956,0,2020
44,Kallakurichi,0,0,0,0,0,27378,0,2020
45,Ranipet,7,1,0,0,0,8165,0,2020
46,Tiruppattur,0,0,0,0,0,10388,0,2020
47,Tenkasi,0,0,0,0,2,8111,22860,2020
34390,TOTAL,1186,235,0,91,51,1063183,264638,2020
1,Ariyalur,8358,0,8358,10390,4699,387,1288,2021
2,Chennai,191876,0,191876,214622,63165,1075,1649,2021
3,Coimbatore,18387,0,18387,25150,9321,0,2850,2021
4,Coimbatore City,20041,0,20041,54820,5234,0,16331,2021
5,Cuddalore,1352,1352,0,35921,14162,0,4650,2021
6,Dharmapuri,7321,0,7321,24794,2879,500,2653,2021
7,Dindigul,11715,0,11715,55096,35966,5976,4695,2021
8,Erode,0,0,0,13212,3998,12,1232,2021
9,Kanchipuram,3974,0,3974,20298,15613,0,2319,2021
10,Kanyakumari,4825,0,4825,53809,34498,6536,7072,2021
11,Karur,580,0,580,14559,3800,2400,45,2021
12,Krishnagiri,9790,0,9790,18781,4483,0,2335,2021
13,Madurai,17056,0,17056,38550,5237,4592,3570,2021
14,Madurai City,18512,0,18512,38425,3541,1415,4922,2021
15,Nagapattinam,0,0,0,42918,29887,788,2375,2021
16,Namakkal,0,0,0,32278,3593,6340,2614,2021
17,Nilgiris,2714,0,2714,8644,1321,0,1364,2021
18,Perambalur,330,80,250,7285,2830,500,0,2021
19,Pudukottai,0,0,0,24354,12785,1305,2639,2021
20,Ramnathapuram,13449,0,13449,26632,18389,0,1568,2021
21,Railway Chennai,0,0,0,2406,1214,0,1176,2021
22,Railway Trichy,0,0,0,402,158,0,232,2021
23,Salem,6138,0,6138,40617,5788,1284,8865,2021
24,Salem City,2606,67,2539,30733,7216,2090,1848,2021
25,Sivagangai,0,0,0,38797,24460,5188,2793,2021
26,Thanjavur,15175,0,15175,45843,23530,0,6966,2021
27,Theni,9042,0,9042,40966,2550,1673,4893,2021
28,Thirunelveli,6214,0,6214,30706,6310,23,0,2021
29,Thirunelveli City,4990,0,4990,14018,7469,1995,1677,2021
30,Thiruvallur,8674,68,8606,24789,4416,691,6593,2021
31,Thiruvannamalai,0,0,0,29437,5398,0,0,2021
32,Thiruvarur,6839,0,6839,28823,2894,0,2448,2021
33,Thoothukudi,9405,0,9405,62610,12023,5133,4827,2021
34,Tiruppur,0,0,0,20901,3650,0,0,2021
35,Tiruppur City,10420,0,10420,20244,2381,87,2067,2021
36,Trichy,0,0,0,31570,20997,0,4308,2021
37,Trichy City,540,475,65,12442,3529,85,295,2021
38,Vellore,2036,0,2036,17155,7114,3182,1537,2021
39,Villupuram,0,0,0,21792,6750,4560,832,2021
40,Virudhunagar,10440,0,10440,33795,4087,583,4217,2021
41,Cyber Cell,0,0,0,86,0,28,53,2021
42,Other Units,0,0,0,517,0,0,0,2021
43,Chengalpattu,0,0,0,17705,3062,0,2850,2021
44,Kallakurichi,9883,1473,8410,21912,7542,2995,1600,2021
45,Ranipet,823,0,823,8352,2189,589,0,2021
46,Tiruppattur,1357,0,1357,6487,810,96,27,2021
47,Tenkasi,3408,0,3408,46496,3445,6902,2250,2021
36,TOTAL,438270,3515,434755,1410139,444383,69010,128525,2021
1,Ariyalur,2,7,0,0,0,3974,0,2021
2,Chennai,0,0,0,0,0,60101,88436,2021
3,Coimbatore,0,0,0,0,0,12968,0,2021
4,Coimbatore City,0,0,0,0,0,20520,12723,2021
5,Cuddalore,0,0,0,0,0,17109,0,2021
6,Dharmapuri,0,0,0,0,0,9207,9511,2021
7,Dindigul,100,51,0,35,0,8222,0,2021
8,Erode,0,0,0,0,0,4018,3948,2021
9,Kanchipuram,0,0,0,0,0,2366,0,2021
10,Kanyakumari,65,0,0,0,0,5493,0,2021
11,Karur,280,0,0,0,68,7956,0,2021
12,Krishnagiri,0,0,0,0,0,7241,4722,2021
13,Madurai,28,0,0,0,24,8608,16460,2021
14,Madurai City,0,0,0,0,0,12538,15944,2021
15,Nagapattinam,0,0,0,0,0,9860,0,2021
16,Namakkal,38,0,0,28,0,14694,4971,2021
17,Nilgiris,0,0,0,0,13,1963,3983,2021
18,Perambalur,45,0,0,0,200,3690,0,2021
19,Pudukottai,0,0,0,0,0,7625,0,2021
20,Ramnathapuram,0,0,0,0,0,6675,0,2021
21,Railway Chennai,0,0,0,0,0,16,0,2021
22,Railway Trichy,0,0,0,0,0,12,0,2021
23,Salem,0,0,0,0,0,10077,14588,2021
24,Salem City,0,0,0,0,0,5465,14113,2021
25,Sivagangai,25,16,0,21,1,6286,0,2021
26,Thanjavur,132,12,0,0,0,15161,0,2021
27,Theni,36,22,0,38,0,14393,17289,2021
28,Thirunelveli,0,0,0,0,2,4619,19734,2021
29,Thirunelveli City,23,5,0,40,0,2804,0,2021
30,Thiruvallur,85,60,0,62,0,12432,439,2021
31,Thiruvannamalai,0,0,0,0,0,24039,0,2021
32,Thiruvarur,0,0,0,0,0,9412,14067,2021
33,Thoothukudi,40,6,0,0,2,4403,36127,2021
34,Tiruppur,0,0,0,0,0,17251,0,2021
35,Tiruppur City,12,9,0,6,2,12431,3248,2021
36,Trichy,0,0,0,0,0,6237,0,2021
37,Trichy City,5,1,0,4,6,7299,1209,2021
38,Vellore,19,2,1,2,3,1286,4006,2021
39,Villupuram,0,0,0,0,0,9650,0,2021
40,Virudhunagar,6,2,0,2,1,9065,15813,2021
41,Cyber Cell,0,0,0,0,0,4,0,2021
42,Other Units,0,0,0,0,0,517,0,2021
43,Chengalpattu,0,0,0,0,0,11793,0,2021
44,Kallakurichi,0,0,0,0,2,9773,0,2021
45,Ranipet,0,0,0,0,0,5574,0,2021
46,Tiruppattur,0,0,0,0,0,5554,0,2021
47,Tenkasi,46,17,0,18,0,3689,30093,2021
49904,TOTAL,987,210,1,256,324,434070,331424,2021
1,Ariyalur,11259,0,11259,21046,1758,3359,1448,2022
2,Chennai,178671,0,178671,159874,25750,2992,61945,2022
3,Coimbatore,24119,0,24119,51380,19412,492,5086,2022
4,Coimbatore City,26134,0,26134,43954,4685,2890,16050,2022
5,Cuddalore,18261,0,18261,65329,17201,417,53,2022
6,Dharmapuri,8246,0,8246,38014,14351,565,2748,2022
7,Dindigul,15636,0,15636,49077,4582,8575,4885,2022
8,Erode,14104,0,14104,26833,5518,3217,1395,2022
9,Kanchipuram,7309,0,7309,34054,2402,1354,13705,2022
10,Kanyakumari,11697,0,11697,69288,26917,5684,5249,2022
11,Karur,653,0,653,8807,2195,1803,0,2022
12,Krishnagiri,11066,0,11066,25321,4299,0,5298,2022
13,Madurai,19345,0,19345,48086,6382,6818,5021,2022
14,Madurai City,22566,0,22566,40597,4147,3940,4993,2022
15,Nagapattinam,11758,0,11758,33499,5963,984,321,2022
16,Namakkal,9600,0,9600,22986,3441,4225,3379,2022
17,Nilgiris,3483,0,3483,9149,1108,1029,1424,2022
18,Perambalur,350,0,350,8517,2101,450,40,2022
19,Pudukottai,4376,0,4376,31756,5716,102,15,2022
20,Ramnathapuram,14619,0,14619,37666,15187,4017,1637,2022
21,Railway Chennai,0,0,0,5906,1916,0,3139,2022
22,Railway Trichy,0,0,0,1634,530,0,521,2022
23,Salem,5982,0,5982,39494,6842,2110,9421,2022
24,Salem City,1702,0,1702,23279,2438,1050,435,2022
25,Sivagangai,8407,0,8407,36357,6001,5934,648,2022
26,Thanjavur,19564,0,19564,102335,50550,3965,2808,2022
27,Theni,12554,0,12554,39584,3351,4952,3397,2022
28,Thirunelveli,7551,0,7551,39205,5042,1944,3695,2022
29,Thirunelveli City,6136,0,6136,12130,1226,1765,2028,2022
30,Thiruvallur,8082,0,8082,35974,3988,3257,6835,2022
31,Thiruvannamalai,14406,0,14406,49749,4484,5581,6317,2022
32,Thiruvarur,11313,0,11313,27723,2510,1735,2843,2022
33,Thoothukudi,14083,0,14083,83259,26944,5497,4789,2022
34,Tiruppur,4354,0,4354,27143,4855,1491,2990,2022
35,Tiruppur City,12774,0,12774,14327,3478,123,1962,2022
36,Trichy,16786,0,16786,36444,5099,5136,4287,2022
37,Trichy City,14593,0,14593,15944,1568,82,979,2022
38,Vellore,11757,0,11757,35929,9238,3165,1112,2022
39,Villupuram,13970,0,13970,26535,6058,4512,902,2022
40,Virudhunagar,14435,0,14435,59076,6947,1760,22105,2022
41,Cyber Cell,0,0,0,3,0,0,0,2022
42,Other Units,0,0,0,515,5,0,0,2022
43,Chengalpattu,5821,0,5821,34669,3111,2638,3573,2022
44,Kallakurichi,7958,0,7958,40967,16797,4355,350,2022
45,Ranipet,7189,0,7189,25253,2659,1754,2928,2022
46,Tiruppattur,88,0,88,16686,980,85,54,2022
47,Tenkasi,6495,0,6495,38875,3925,2754,3747,2022
48,Avadi,33157,0,33157,49657,7448,5831,1743,2022
49,Tambaram,28047,0,28047,39886,4671,2402,3248,2022
1,Ariyalur,37,20,0,9,0,1923,12461,2022
2,Chennai,0,0,0,0,0,10940,57992,2022
3,Coimbatore,0,0,0,0,0,9680,16707,2022
4,Coimbatore City,0,0,0,0,2,4337,15990,2022
5,Cuddalore,0,0,0,0,0,9528,38130,2022
6,Dharmapuri,0,0,0,0,0,5403,14916,2022
7,Dindigul,95,55,0,27,0,6848,23970,2022
8,Erode,0,0,0,0,0,4909,11782,2022
9,Kanchipuram,31,0,0,0,0,2857,13705,2022
10,Kanyakumari,0,0,0,0,0,1402,29936,2022
11,Karur,6,2,0,23,75,4692,0,2022
12,Krishnagiri,0,0,0,0,0,5680,10044,2022
13,Madurai,9,1,0,0,29,4561,25221,2022
14,Madurai City,0,0,0,0,0,7426,20046,2022
15,Nagapattinam,0,0,0,0,0,6306,19914,2022
16,Namakkal,0,0,0,0,0,4257,7681,2022
17,Nilgiris,0,0,0,0,0,1754,3834,2022
18,Perambalur,50,0,0,0,220,1130,4511,2022
19,Pudukottai,0,0,0,0,25,4915,20951,2022
20,Ramnathapuram,0,0,0,0,0,1743,15077,2022
21,Railway Chennai,0,0,0,0,0,350,501,2022
22,Railway Trichy,0,0,0,0,0,554,29,2022
23,Salem,0,0,0,0,0,7415,13695,2022
24,Salem City,0,0,0,0,0,4563,14791,2022
25,Sivagangai,33,35,0,62,0,2588,21026,2022
26,Thanjavur,132,13,0,0,0,13256,31586,2022
27,Theni,33,1,0,67,1,6177,21578,2022
28,Thirunelveli,0,0,0,0,9,2147,26358,2022
29,Thirunelveli City,38,10,0,32,0,1805,5226,2022
30,Thiruvallur,18,31,0,83,0,2758,19004,2022
31,Thiruvannamalai,0,0,0,0,0,8836,24512,2022
32,Thiruvarur,0,0,0,0,0,6711,13923,2022
33,Thoothukudi,22,7,0,0,0,7195,38716,2022
34,Tiruppur,0,0,0,0,22,5714,12071,2022
35,Tiruppur City,7,6,0,21,0,3612,5104,2022
36,Trichy,0,0,0,0,0,4385,17508,2022
37,Trichy City,4,0,0,3,1,13119,188,2022
38,Vellore,76,11,31,86,1,3279,18930,2022
39,Villupuram,0,0,0,0,0,5918,9145,2022
40,Virudhunagar,12,2,0,0,1,6086,22105,2022
41,Cyber Cell,0,0,0,0,0,3,0,2022
42,Other Units,0,0,0,0,0,510,0,2022
43,Chengalpattu,0,0,0,0,0,4607,20740,2022
44,Kallakurichi,25,35,0,0,0,2680,16717,2022
45,Ranipet,0,0,0,0,0,3297,14615,2022
46,Tiruppattur,0,0,0,0,0,3238,12329,2022
47,Tenkasi,0,0,0,0,0,2407,26014,2022
48,Avadi,0,0,0,0,7,2821,31805,2022
49,Tambaram,0,0,0,0,0,5292,24273,2022
